Mes,Atendimentos,Leandro,Lazaro,Conjunto (Leandro & Lazaro),Dia,Mês,Serviço,Preço,Tipo
Janeiro,33.0,11.0,18.0,4.0,,,,,
Fevereiro,13.0,4.0,9.0,0.0,,,,,
Março,14.0,5.0,9.0,0.0,,,,,
Abril,11.0,4.0,7.0,0.0,,,,,
Maio,11.0,3.0,8.0,0.0,,,,,
Junho,11.0,4.0,7.0,0.0,,,,,
Julho,10.0,3.0,7.0,0.0,,,,,
Agosto,11.0,3.0,8.0,0.0,,,,,
Setembro,11.0,3.0,8.0,0.0,,,,,
Outubro,11.0,3.0,8.0,0.0,,,,,
Novembro,9.0,4.0,5.0,0.0,,,,,
,,,,,01/01/2025,1.0,Troca de bico injetor,40.0,Alimentação
,,,,,02/01/2025,1.0,Troca de pastilha,20.0,Freios
,,,,,02/01/2025,1.0,Balanceamento,20.0,Suspensão
,,,,,02/01/2025,1.0,Alinhamento,30.0,Suspensão
,,,,,03/01/2025,1.0,Balanceamento,20.0,Suspensão
,,,,,03/01/2025,1.0,Troca de corrente de comando,80.0,Motor
,,,,,03/01/2025,1.0,Troca de amortecedor traseiro,80.0,Suspensão
,,,,,03/01/2025,1.0,Sangria de freio,20.0,Freios
,,,,,03/01/2025,1.0,Alinhamento,30.0,Suspensão
,,,,,03/01/2025,1.0,,,
,,,,,04/01/2025,1.0,Troca de pastilha,20.0,Freios
,,,,,05/01/2025,1.0,Troca de bomba de combustível,60.0,Combustível
,,,,,05/01/2025,1.0,Troca de junta do cabeçote,120.0,Motor
,,,,,05/01/2025,1.0,Limpeza de bomba de combustível,40.0,Combustível
,,,,,06/01/2025,1.0,Troca de disco de freio dianteiro,40.0,Freios
,,,,,06/01/2025,1.0,Troca de corrente de comando,80.0,Motor
,,,,,06/01/2025,1.0,Troca de junta do cabeçote,120.0,Motor
,,,,,06/01/2025,1.0,,,
,,,,,07/01/2025,1.0,Troca de pastilha,20.0,Freios
,,,,,08/01/2025,1.0,Troca de pastilha,20.0,Freios
,,,,,08/01/2025,1.0,Troca de pastilha,20.0,Freios
,,,,,08/01/2025,1.0,Balanceamento,20.0,Suspensão
,,,,,08/01/2025,1.0,Troca de pastilha,20.0,Freios
,,,,,08/01/2025,1.0,Limpeza de bomba de combustível,40.0,Combustível
,,,,,09/01/2025,1.0,Troca de bomba de combustível,60.0,Combustível
,,,,,09/01/2025,1.0,Troca de corrente de comando,80.0,Motor
,,,,,09/01/2025,1.0,Troca de pastilha,20.0,Freios
,,,,,10/01/2025,1.0,Limpeza de bomba de combustível,40.0,Combustível
,,,,,10/01/2025,1.0,Troca de tensor da corrente,40.0,Motor
,,,,,10/01/2025,1.0,Troca de tensor da corrente,40.0,Motor
,,,,,10/01/2025,1.0,Troca de corrente de comando,80.0,Motor
,,,,,10/01/2025,1.0,,,
,,,,,11/01/2025,1.0,Alinhamento,30.0,Suspensão
,,,,,12/01/2025,1.0,Troca de corrente de comando,80.0,Motor
,,,,,12/01/2025,1.0,Troca de bomba de combustível,60.0,Combustível
,,,,,12/01/2025,1.0,Troca de cabo de freio,20.0,Freios
,,,,,12/01/2025,1.0,Alinhamento,30.0,Suspensão
,,,,,12/01/2025,1.0,Sangria de freio,20.0,Freios
,,,,,12/01/2025,1.0,Troca de vela,5.0,Ignição
,,,,,13/01/2025,1.0,Sangria de freio,20.0,Freios
,,,,,13/01/2025,1.0,Sincronização de carburadores,60.0,Alimentação
,,,,,13/01/2025,1.0,Troca de junta do cabeçote,120.0,Motor
,,,,,13/01/2025,1.0,Troca de pastilha,20.0,Freios
,,,,,14/01/2025,1.0,Troca de cabo de freio,20.0,Freios
,,,,,14/01/2025,1.0,Troca de vela,5.0,Ignição
,,,,,14/01/2025,1.0,Alinhamento,30.0,Suspensão
,,,,,14/01/2025,1.0,Troca de disco de freio traseiro,40.0,Freios
,,,,,15/01/2025,1.0,Troca de pastilha,20.0,Freios
,,,,,15/01/2025,1.0,Troca de vela,5.0,Ignição
,,,,,16/01/2025,1.0,Sincronização de carburadores,60.0,Alimentação
,,,,,16/01/2025,1.0,Troca de tensor da corrente,40.0,Motor
,,,,,16/01/2025,1.0,Limpeza de bomba de combustível,40.0,Combustível
,,,,,16/01/2025,1.0,Troca de cabo de freio,20.0,Freios
,,,,,17/01/2025,1.0,Troca de cabo de freio,20.0,Freios
,,,,,17/01/2025,1.0,Troca de amortecedor dianteiro,80.0,Suspensão
,,,,,17/01/2025,1.0,Sangria de freio,20.0,Freios
,,,,,17/01/2025,1.0,Troca de pastilha,20.0,Freios
,,,,,17/01/2025,1.0,Troca de corrente de comando,80.0,Motor
,,,,,18/01/2025,1.0,Troca de disco de freio dianteiro,40.0,Freios
,,,,,18/01/2025,1.0,Troca de bomba de combustível,60.0,Combustível
,,,,,18/01/2025,1.0,Troca de junta do cabeçote,120.0,Motor
,,,,,18/01/2025,1.0,Troca de cabo de freio,20.0,Freios
,,,,,18/01/2025,1.0,Troca de bico injetor,40.0,Alimentação
,,,,,18/01/2025,1.0,Balanceamento,20.0,Suspensão
,,,,,19/01/2025,1.0,Troca de vela,5.0,Ignição
,,,,,19/01/2025,1.0,Troca de bico injetor,40.0,Alimentação
,,,,,20/01/2025,1.0,Sangria de freio,20.0,Freios
,,,,,20/01/2025,1.0,Sangria de freio,20.0,Freios
,,,,,21/01/2025,1.0,Limpeza de bomba de combustível,40.0,Combustível
,,,,,21/01/2025,1.0,Troca de pastilha,20.0,Freios
,,,,,21/01/2025,1.0,Troca de corrente de comando,80.0,Motor
,,,,,21/01/2025,1.0,Troca de disco de freio traseiro,40.0,Freios
,,,,,21/01/2025,1.0,Troca de bico injetor,40.0,Alimentação
,,,,,21/01/2025,1.0,,,
,,,,,22/01/2025,1.0,,,
,,,,,23/01/2025,1.0,,,
,,,,,24/01/2025,1.0,Limpeza de bomba de combustível,40.0,Combustível
,,,,,25/01/2025,1.0,Troca de bico injetor,40.0,Alimentação
,,,,,25/01/2025,1.0,Sangria de freio,20.0,Freios
,,,,,25/01/2025,1.0,Balanceamento,20.0,Suspensão
,,,,,25/01/2025,1.0,Troca de tensor da corrente,40.0,Motor
,,,,,25/01/2025,1.0,Troca de bomba de combustível,60.0,Combustível
,,,,,26/01/2025,1.0,Troca de junta do cabeçote,120.0,Motor
,,,,,26/01/2025,1.0,Balanceamento,20.0,Suspensão
,,,,,26/01/2025,1.0,Troca de disco de freio dianteiro,40.0,Freios
,,,,,27/01/2025,1.0,Troca de pastilha,20.0,Freios
,,,,,27/01/2025,1.0,Troca de tensor da corrente,40.0,Motor
,,,,,27/01/2025,1.0,Balanceamento,20.0,Suspensão
,,,,,27/01/2025,1.0,Sangria de freio,20.0,Freios
,,,,,28/01/2025,1.0,Troca de bico injetor,40.0,Alimentação
,,,,,28/01/2025,1.0,Sincronização de carburadores,60.0,Alimentação
,,,,,28/01/2025,1.0,Limpeza de bomba de combustível,40.0,Combustível
,,,,,28/01/2025,1.0,Troca de bico injetor,40.0,Alimentação
,,,,,29/01/2025,1.0,Limpeza de bomba de combustível,40.0,Combustível
,,,,,29/01/2025,1.0,Troca de disco de freio traseiro,40.0,Freios
,,,,,29/01/2025,1.0,Limpeza de bomba de combustível,40.0,Combustível
,,,,,29/01/2025,1.0,Balanceamento,20.0,Suspensão
,,,,,29/01/2025,1.0,,,
,,,,,30/01/2025,1.0,,,
,,,,,31/01/2025,1.0,Troca de disco de freio dianteiro,40.0,Freios
,,,,,01/02/2025,2.0,Sincronização de carburadores,60.0,Alimentação
,,,,,01/02/2025,2.0,Troca de amortecedor dianteiro,80.0,Suspensão
,,,,,01/02/2025,2.0,Troca de amortecedor dianteiro,80.0,Suspensão
,,,,,01/02/2025,2.0,Troca de corrente de comando,80.0,Motor
,,,,,01/02/2025,2.0,,,
,,,,,02/02/2025,2.0,,,
,,,,,03/02/2025,2.0,Troca de bico injetor,40.0,Alimentação
,,,,,04/02/2025,2.0,Alinhamento,30.0,Suspensão
,,,,,04/02/2025,2.0,Balanceamento,20.0,Suspensão
,,,,,04/02/2025,2.0,Troca de bico injetor,40.0,Alimentação
,,,,,04/02/2025,2.0,Troca de vela,5.0,Ignição
,,,,,05/02/2025,2.0,Troca de bomba de combustível,60.0,Combustível
,,,,,05/02/2025,2.0,,,
,,,,,06/02/2025,2.0,Troca de pastilha,20.0,Freios
,,,,,07/02/2025,2.0,Troca de bico injetor,40.0,Alimentação
,,,,,07/02/2025,2.0,Troca de cabo de freio,20.0,Freios
,,,,,07/02/2025,2.0,Balanceamento,20.0,Suspensão
,,,,,07/02/2025,2.0,Troca de bomba de combustível,60.0,Combustível
,,,,,08/02/2025,2.0,Troca de pastilha,20.0,Freios
,,,,,08/02/2025,2.0,Troca de vela,5.0,Ignição
,,,,,08/02/2025,2.0,Troca de pastilha,20.0,Freios
,,,,,08/02/2025,2.0,Troca de bomba de combustível,60.0,Combustível
,,,,,09/02/2025,2.0,Troca de disco de freio traseiro,40.0,Freios
,,,,,09/02/2025,2.0,Troca de cabo de freio,20.0,Freios
,,,,,09/02/2025,2.0,Troca de amortecedor dianteiro,80.0,Suspensão
,,,,,09/02/2025,2.0,,,
,,,,,10/02/2025,2.0,Troca de disco de freio dianteiro,40.0,Freios
,,,,,11/02/2025,2.0,Troca de tensor da corrente,40.0,Motor
,,,,,11/02/2025,2.0,Troca de tensor da corrente,40.0,Motor
,,,,,11/02/2025,2.0,Limpeza de bomba de combustível,40.0,Combustível
,,,,,11/02/2025,2.0,Alinhamento,30.0,Suspensão
,,,,,11/02/2025,2.0,Troca de corrente de comando,80.0,Motor
,,,,,11/02/2025,2.0,,,
,,,,,12/02/2025,2.0,Troca de bomba de combustível,60.0,Combustível
,,,,,13/02/2025,2.0,Alinhamento,30.0,Suspensão
,,,,,13/02/2025,2.0,Troca de sensor TPS,30.0,Ignição
,,,,,13/02/2025,2.0,Limpeza de bomba de combustível,40.0,Combustível
,,,,,13/02/2025,2.0,Troca de corrente de comando,80.0,Motor
,,,,,13/02/2025,2.0,Troca de pastilha,20.0,Freios
,,,,,13/02/2025,2.0,,,
,,,,,14/02/2025,2.0,,,
,,,,,15/02/2025,2.0,Troca de amortecedor dianteiro,80.0,Suspensão
,,,,,16/02/2025,2.0,Troca de corrente de comando,80.0,Motor
,,,,,16/02/2025,2.0,,,
,,,,,17/02/2025,2.0,Sangria de freio,20.0,Freios
,,,,,18/02/2025,2.0,Troca de amortecedor dianteiro,80.0,Suspensão
,,,,,18/02/2025,2.0,Troca de tensor da corrente,40.0,Motor
,,,,,18/02/2025,2.0,Troca de tensor da corrente,40.0,Motor
,,,,,18/02/2025,2.0,,,
,,,,,19/02/2025,2.0,Alinhamento,30.0,Suspensão
,,,,,20/02/2025,2.0,Sangria de freio,20.0,Freios
,,,,,20/02/2025,2.0,,,
,,,,,21/02/2025,2.0,Troca de vela,5.0,Ignição
,,,,,22/02/2025,2.0,Troca de corrente de comando,80.0,Motor
,,,,,22/02/2025,2.0,Troca de disco de freio dianteiro,40.0,Freios
,,,,,22/02/2025,2.0,Troca de pastilha,20.0,Freios
,,,,,23/02/2025,2.0,Troca de disco de freio traseiro,40.0,Freios
,,,,,23/02/2025,2.0,Limpeza de bomba de combustível,40.0,Combustível
,,,,,23/02/2025,2.0,Troca de amortecedor dianteiro,80.0,Suspensão
,,,,,23/02/2025,2.0,Troca de tensor da corrente,40.0,Motor
,,,,,23/02/2025,2.0,Troca de amortecedor traseiro,80.0,Suspensão
,,,,,24/02/2025,2.0,Troca de disco de freio dianteiro,40.0,Freios
,,,,,24/02/2025,2.0,Troca de cabo de freio,20.0,Freios
,,,,,24/02/2025,2.0,Limpeza de bomba de combustível,40.0,Combustível
,,,,,25/02/2025,2.0,Troca de pastilha,20.0,Freios
,,,,,25/02/2025,2.0,,,
,,,,,26/02/2025,2.0,,,
,,,,,27/02/2025,2.0,Sangria de freio,20.0,Freios
,,,,,28/02/2025,2.0,Sincronização de carburadores,60.0,Alimentação
,,,,,28/02/2025,2.0,Troca de amortecedor traseiro,80.0,Suspensão
,,,,,28/02/2025,2.0,Troca de bico injetor,40.0,Alimentação
,,,,,28/02/2025,2.0,Troca de bico injetor,40.0,Alimentação
,,,,,01/03/2025,3.0,Troca de vela,5.0,Ignição
,,,,,01/03/2025,3.0,Limpeza de bomba de combustível,40.0,Combustível
,,,,,01/03/2025,3.0,Sincronização de carburadores,60.0,Alimentação
,,,,,01/03/2025,3.0,,,
,,,,,02/03/2025,3.0,Sangria de freio,20.0,Freios
,,,,,02/03/2025,3.0,Troca de vela,5.0,Ignição
,,,,,02/03/2025,3.0,Limpeza de bomba de combustível,40.0,Combustível
,,,,,02/03/2025,3.0,Troca de bico injetor,40.0,Alimentação
,,,,,02/03/2025,3.0,Sincronização de carburadores,60.0,Alimentação
,,,,,02/03/2025,3.0,Troca de cabo de freio,20.0,Freios
,,,,,02/03/2025,3.0,Balanceamento,20.0,Suspensão
,,,,,01/03/2025,3.0,Balanceamento,20.0,Suspensão
,,,,,01/03/2025,3.0,Troca de cabo de freio,20.0,Freios
,,,,,01/03/2025,3.0,Sincronização de carburadores,60.0,Alimentação
,,,,,01/03/2025,3.0,Troca de pastilha,20.0,Freios
,,,,,01/03/2025,3.0,Troca de vela,5.0,Ignição
,,,,,02/03/2025,3.0,Balanceamento,20.0,Suspensão
,,,,,02/03/2025,3.0,Limpeza de bomba de combustível,40.0,Combustível
,,,,,02/03/2025,3.0,Troca de bico injetor,40.0,Alimentação
,,,,,03/03/2025,3.0,Troca de amortecedor traseiro,80.0,Suspensão
,,,,,03/03/2025,3.0,Balanceamento,20.0,Suspensão
,,,,,03/03/2025,3.0,Troca de corrente de comando,80.0,Motor
,,,,,03/03/2025,3.0,Sangria de freio,20.0,Freios
,,,,,03/03/2025,3.0,Troca de disco de freio traseiro,40.0,Freios
,,,,,04/03/2025,3.0,Troca de cabo de freio,20.0,Freios
,,,,,04/03/2025,3.0,Alinhamento,30.0,Suspensão
,,,,,04/03/2025,3.0,Troca de disco de freio traseiro,40.0,Freios
,,,,,04/03/2025,3.0,Troca de cabo de freio,20.0,Freios
,,,,,04/03/2025,3.0,Troca de cabo de freio,20.0,Freios
,,,,,05/03/2025,3.0,Limpeza de bomba de combustível,40.0,Combustível
,,,,,05/03/2025,3.0,Troca de disco de freio dianteiro,40.0,Freios
,,,,,05/03/2025,3.0,Troca de junta do cabeçote,120.0,Motor
,,,,,05/03/2025,3.0,Troca de vela,5.0,Ignição
,,,,,05/03/2025,3.0,,,
,,,,,06/03/2025,3.0,Troca de pastilha,20.0,Freios
,,,,,07/03/2025,3.0,Troca de disco de freio traseiro,40.0,Freios
,,,,,07/03/2025,3.0,Troca de bico injetor,40.0,Alimentação
,,,,,08/03/2025,3.0,Troca de sensor TPS,30.0,Ignição
,,,,,08/03/2025,3.0,Troca de disco de freio traseiro,40.0,Freios
,,,,,08/03/2025,3.0,Balanceamento,20.0,Suspensão
,,,,,09/03/2025,3.0,Troca de vela,5.0,Ignição
,,,,,09/03/2025,3.0,Troca de junta do cabeçote,120.0,Motor
,,,,,09/03/2025,3.0,Troca de vela,5.0,Ignição
,,,,,10/03/2025,3.0,Troca de pastilha,20.0,Freios
,,,,,10/03/2025,3.0,Troca de cabo de freio,20.0,Freios
,,,,,11/03/2025,3.0,Troca de disco de freio dianteiro,40.0,Freios
,,,,,11/03/2025,3.0,Troca de sensor TPS,30.0,Ignição
,,,,,11/03/2025,3.0,Troca de pastilha,20.0,Freios
,,,,,11/03/2025,3.0,,,
,,,,,12/03/2025,3.0,,,
,,,,,13/03/2025,3.0,,,
,,,,,14/03/2025,3.0,Troca de tensor da corrente,40.0,Motor
,,,,,15/03/2025,3.0,Troca de amortecedor traseiro,80.0,Suspensão
,,,,,15/03/2025,3.0,Troca de vela,5.0,Ignição
,,,,,16/03/2025,3.0,Balanceamento,20.0,Suspensão
,,,,,16/03/2025,3.0,Balanceamento,20.0,Suspensão
,,,,,17/03/2025,3.0,Troca de tensor da corrente,40.0,Motor
,,,,,17/03/2025,3.0,Troca de amortecedor traseiro,80.0,Suspensão
,,,,,17/03/2025,3.0,Troca de sensor TPS,30.0,Ignição
,,,,,17/03/2025,3.0,Sincronização de carburadores,60.0,Alimentação
,,,,,17/03/2025,3.0,,,
,,,,,18/03/2025,3.0,,,
,,,,,19/03/2025,3.0,Troca de vela,5.0,Ignição
,,,,,20/03/2025,3.0,Troca de amortecedor traseiro,80.0,Suspensão
,,,,,20/03/2025,3.0,Troca de bomba de combustível,60.0,Combustível
,,,,,21/03/2025,3.0,Troca de pastilha,20.0,Freios
,,,,,21/03/2025,3.0,Alinhamento,30.0,Suspensão
,,,,,21/03/2025,3.0,Troca de corrente de comando,80.0,Motor
,,,,,22/03/2025,3.0,Sangria de freio,20.0,Freios
,,,,,22/03/2025,3.0,,,
,,,,,23/03/2025,3.0,Sincronização de carburadores,60.0,Alimentação
,,,,,24/03/2025,3.0,Troca de sensor TPS,30.0,Ignição
,,,,,24/03/2025,3.0,Troca de junta do cabeçote,120.0,Motor
,,,,,24/03/2025,3.0,Troca de pastilha,20.0,Freios
,,,,,24/03/2025,3.0,,,
,,,,,25/03/2025,3.0,,,
,,,,,26/03/2025,3.0,Sangria de freio,20.0,Freios
,,,,,27/03/2025,3.0,Troca de vela,5.0,Ignição
,,,,,27/03/2025,3.0,Limpeza de bomba de combustível,40.0,Combustível
,,,,,28/03/2025,3.0,Troca de pastilha,20.0,Freios
,,,,,28/03/2025,3.0,Troca de cabo de freio,20.0,Freios
,,,,,28/03/2025,3.0,Troca de amortecedor traseiro,80.0,Suspensão
,,,,,28/03/2025,3.0,Troca de amortecedor dianteiro,80.0,Suspensão
,,,,,29/03/2025,3.0,Alinhamento,30.0,Suspensão
,,,,,29/03/2025,3.0,Troca de amortecedor dianteiro,80.0,Suspensão
,,,,,29/03/2025,3.0,Troca de bico injetor,40.0,Alimentação
,,,,,29/03/2025,3.0,,,
,,,,,30/03/2025,3.0,,,
,,,,,31/03/2025,3.0,Troca de bico injetor,40.0,Alimentação
,,,,,01/04/2025,4.0,Troca de sensor TPS,30.0,Ignição
,,,,,01/04/2025,4.0,Troca de sensor TPS,30.0,Ignição
,,,,,01/04/2025,4.0,Troca de cabo de freio,20.0,Freios
,,,,,01/04/2025,4.0,Sincronização de carburadores,60.0,Alimentação
,,,,,01/04/2025,4.0,,,
,,,,,02/04/2025,4.0,Troca de amortecedor traseiro,80.0,Suspensão
,,,,,03/04/2025,4.0,Alinhamento,30.0,Suspensão
,,,,,03/04/2025,4.0,Troca de bico injetor,40.0,Alimentação
,,,,,03/04/2025,4.0,Troca de amortecedor traseiro,80.0,Suspensão
,,,,,04/04/2025,4.0,Troca de pastilha,20.0,Freios
,,,,,04/04/2025,4.0,Troca de cabo de freio,20.0,Freios
,,,,,04/04/2025,4.0,Troca de disco de freio dianteiro,40.0,Freios
,,,,,05/04/2025,4.0,Troca de amortecedor dianteiro,80.0,Suspensão
,,,,,05/04/2025,4.0,Troca de pastilha,20.0,Freios
,,,,,05/04/2025,4.0,Troca de junta do cabeçote,120.0,Motor
,,,,,06/04/2025,4.0,Alinhamento,30.0,Suspensão
,,,,,06/04/2025,4.0,Troca de pastilha,20.0,Freios
,,,,,06/04/2025,4.0,Balanceamento,20.0,Suspensão
,,,,,06/04/2025,4.0,Troca de vela,5.0,Ignição
,,,,,07/04/2025,4.0,Limpeza de bomba de combustível,40.0,Combustível
,,,,,07/04/2025,4.0,Troca de pastilha,20.0,Freios
,,,,,07/04/2025,4.0,Troca de amortecedor dianteiro,80.0,Suspensão
,,,,,07/04/2025,4.0,Troca de amortecedor dianteiro,80.0,Suspensão
,,,,,07/04/2025,4.0,Limpeza de bomba de combustível,40.0,Combustível
,,,,,08/04/2025,4.0,Troca de junta do cabeçote,120.0,Motor
,,,,,08/04/2025,4.0,Troca de vela,5.0,Ignição
,,,,,08/04/2025,4.0,Troca de pastilha,20.0,Freios
,,,,,08/04/2025,4.0,Troca de sensor TPS,30.0,Ignição
,,,,,08/04/2025,4.0,Troca de amortecedor dianteiro,80.0,Suspensão
,,,,,09/04/2025,4.0,Troca de sensor TPS,30.0,Ignição
,,,,,09/04/2025,4.0,Troca de corrente de comando,80.0,Motor
,,,,,09/04/2025,4.0,Troca de amortecedor dianteiro,80.0,Suspensão
,,,,,09/04/2025,4.0,Troca de pastilha,20.0,Freios
,,,,,10/04/2025,4.0,Troca de disco de freio traseiro,40.0,Freios
,,,,,10/04/2025,4.0,Troca de junta do cabeçote,120.0,Motor
,,,,,11/04/2025,4.0,Troca de disco de freio dianteiro,40.0,Freios
,,,,,11/04/2025,4.0,Alinhamento,30.0,Suspensão
,,,,,11/04/2025,4.0,Troca de amortecedor dianteiro,80.0,Suspensão
,,,,,11/04/2025,4.0,,,
,,,,,12/04/2025,4.0,Troca de disco de freio traseiro,40.0,Freios
,,,,,13/04/2025,4.0,Troca de bico injetor,40.0,Alimentação
,,,,,13/04/2025,4.0,Troca de cabo de freio,20.0,Freios
,,,,,13/04/2025,4.0,Troca de vela,5.0,Ignição
,,,,,14/04/2025,4.0,Troca de amortecedor dianteiro,80.0,Suspensão
,,,,,14/04/2025,4.0,Balanceamento,20.0,Suspensão
,,,,,14/04/2025,4.0,Troca de tensor da corrente,40.0,Motor
,,,,,14/04/2025,4.0,Troca de disco de freio traseiro,40.0,Freios
,,,,,14/04/2025,4.0,Troca de amortecedor traseiro,80.0,Suspensão
,,,,,14/04/2025,4.0,Troca de tensor da corrente,40.0,Motor
,,,,,15/04/2025,4.0,Troca de junta do cabeçote,120.0,Motor
,,,,,15/04/2025,4.0,Troca de sensor TPS,30.0,Ignição
,,,,,16/04/2025,4.0,Troca de cabo de freio,20.0,Freios
,,,,,16/04/2025,4.0,Troca de pastilha,20.0,Freios
,,,,,16/04/2025,4.0,Limpeza de bomba de combustível,40.0,Combustível
,,,,,16/04/2025,4.0,Limpeza de bomba de combustível,40.0,Combustível
,,,,,17/04/2025,4.0,Troca de amortecedor traseiro,80.0,Suspensão
,,,,,17/04/2025,4.0,Troca de cabo de freio,20.0,Freios
,,,,,17/04/2025,4.0,Troca de junta do cabeçote,120.0,Motor
,,,,,17/04/2025,4.0,Troca de junta do cabeçote,120.0,Motor
,,,,,17/04/2025,4.0,,,
,,,,,18/04/2025,4.0,Troca de bomba de combustível,60.0,Combustível
,,,,,19/04/2025,4.0,Troca de amortecedor dianteiro,80.0,Suspensão
,,,,,19/04/2025,4.0,Troca de amortecedor traseiro,80.0,Suspensão
,,,,,19/04/2025,4.0,Alinhamento,30.0,Suspensão
,,,,,19/04/2025,4.0,Troca de cabo de freio,20.0,Freios
,,,,,19/04/2025,4.0,Troca de pastilha,20.0,Freios
,,,,,19/04/2025,4.0,Troca de sensor TPS,30.0,Ignição
,,,,,20/04/2025,4.0,Troca de amortecedor dianteiro,80.0,Suspensão
,,,,,20/04/2025,4.0,Troca de amortecedor traseiro,80.0,Suspensão
,,,,,20/04/2025,4.0,Troca de tensor da corrente,40.0,Motor
,,,,,21/04/2025,4.0,Troca de bico injetor,40.0,Alimentação
,,,,,21/04/2025,4.0,Limpeza de bomba de combustível,40.0,Combustível
,,,,,21/04/2025,4.0,Troca de pastilha,20.0,Freios
,,,,,21/04/2025,4.0,Alinhamento,30.0,Suspensão
,,,,,21/04/2025,4.0,Troca de disco de freio dianteiro,40.0,Freios
,,,,,21/04/2025,4.0,,,
,,,,,22/04/2025,4.0,Troca de sensor TPS,30.0,Ignição
,,,,,23/04/2025,4.0,Balanceamento,20.0,Suspensão
,,,,,23/04/2025,4.0,Balanceamento,20.0,Suspensão
,,,,,23/04/2025,4.0,Troca de sensor TPS,30.0,Ignição
,,,,,24/04/2025,4.0,Troca de bomba de combustível,60.0,Combustível
,,,,,24/04/2025,4.0,Troca de amortecedor dianteiro,80.0,Suspensão
,,,,,24/04/2025,4.0,Sincronização de carburadores,60.0,Alimentação
,,,,,24/04/2025,4.0,Troca de corrente de comando,80.0,Motor
,,,,,25/04/2025,4.0,Troca de junta do cabeçote,120.0,Motor
,,,,,25/04/2025,4.0,Balanceamento,20.0,Suspensão
,,,,,25/04/2025,4.0,Troca de disco de freio traseiro,40.0,Freios
,,,,,26/04/2025,4.0,Troca de cabo de freio,20.0,Freios
,,,,,26/04/2025,4.0,Limpeza de bomba de combustível,40.0,Combustível
,,,,,27/04/2025,4.0,Balanceamento,20.0,Suspensão
,,,,,27/04/2025,4.0,Balanceamento,20.0,Suspensão
,,,,,27/04/2025,4.0,Troca de pastilha,20.0,Freios
,,,,,27/04/2025,4.0,Troca de cabo de freio,20.0,Freios
,,,,,27/04/2025,4.0,Troca de amortecedor traseiro,80.0,Suspensão
,,,,,27/04/2025,4.0,Sincronização de carburadores,60.0,Alimentação
,,,,,28/04/2025,4.0,Troca de bomba de combustível,60.0,Combustível
,,,,,28/04/2025,4.0,Troca de corrente de comando,80.0,Motor
,,,,,28/04/2025,4.0,Troca de sensor TPS,30.0,Ignição
,,,,,28/04/2025,4.0,Troca de pastilha,20.0,Freios
,,,,,28/04/2025,4.0,Limpeza de bomba de combustível,40.0,Combustível
,,,,,29/04/2025,4.0,Troca de tensor da corrente,40.0,Motor
,,,,,29/04/2025,4.0,Limpeza de bomba de combustível,40.0,Combustível
,,,,,29/04/2025,4.0,Troca de bomba de combustível,60.0,Combustível
,,,,,29/04/2025,4.0,Sangria de freio,20.0,Freios
,,,,,30/04/2025,4.0,Troca de vela,5.0,Ignição
,,,,,30/04/2025,4.0,Troca de corrente de comando,80.0,Motor
,,,,,30/04/2025,4.0,Troca de cabo de freio,20.0,Freios
,,,,,30/04/2025,4.0,Sincronização de carburadores,60.0,Alimentação
,,,,,30/04/2025,4.0,Troca de junta do cabeçote,120.0,Motor
,,,,,30/04/2025,4.0,Alinhamento,30.0,Suspensão
,,,,,01/05/2025,5.0,Troca de amortecedor traseiro,80.0,Suspensão
,,,,,01/05/2025,5.0,Troca de junta do cabeçote,120.0,Motor
,,,,,01/05/2025,5.0,Sincronização de carburadores,60.0,Alimentação
,,,,,01/05/2025,5.0,,,
,,,,,01/05/2025,5.0,Troca de disco de freio dianteiro,40.0,Freios
,,,,,02/05/2025,5.0,Troca de vela,5.0,Ignição
,,,,,02/05/2025,5.0,Troca de amortecedor traseiro,80.0,Suspensão
,,,,,02/05/2025,5.0,Troca de bomba de combustível,60.0,Combustível
,,,,,03/05/2025,5.0,Sangria de freio,20.0,Freios
,,,,,03/05/2025,5.0,Troca de junta do cabeçote,120.0,Motor
,,,,,03/05/2025,5.0,Balanceamento,20.0,Suspensão
,,,,,04/05/2025,5.0,Balanceamento,20.0,Suspensão
,,,,,04/05/2025,5.0,Troca de pastilha,20.0,Freios
,,,,,04/05/2025,5.0,Troca de disco de freio traseiro,40.0,Freios
,,,,,04/05/2025,5.0,,,
,,,,,05/05/2025,5.0,,,
,,,,,06/05/2025,5.0,,,
,,,,,07/05/2025,5.0,Troca de tensor da corrente,40.0,Motor
,,,,,08/05/2025,5.0,Troca de junta do cabeçote,120.0,Motor
,,,,,08/05/2025,5.0,Limpeza de bomba de combustível,40.0,Combustível
,,,,,08/05/2025,5.0,Troca de bico injetor,40.0,Alimentação
,,,,,08/05/2025,5.0,Troca de junta do cabeçote,120.0,Motor
,,,,,09/05/2025,5.0,Alinhamento,30.0,Suspensão
,,,,,09/05/2025,5.0,Troca de disco de freio traseiro,40.0,Freios
,,,,,09/05/2025,5.0,Troca de cabo de freio,20.0,Freios
,,,,,09/05/2025,5.0,,,
,,,,,10/05/2025,5.0,Troca de disco de freio traseiro,40.0,Freios
,,,,,11/05/2025,5.0,Troca de cabo de freio,20.0,Freios
,,,,,11/05/2025,5.0,Troca de sensor TPS,30.0,Ignição
,,,,,11/05/2025,5.0,Troca de amortecedor dianteiro,80.0,Suspensão
,,,,,11/05/2025,5.0,Troca de sensor TPS,30.0,Ignição
,,,,,11/05/2025,5.0,Troca de bico injetor,40.0,Alimentação
,,,,,11/05/2025,5.0,Troca de tensor da corrente,40.0,Motor
,,,,,12/05/2025,5.0,Troca de corrente de comando,80.0,Motor
,,,,,12/05/2025,5.0,Troca de tensor da corrente,40.0,Motor
,,,,,12/05/2025,5.0,Troca de bomba de combustível,60.0,Combustível
,,,,,12/05/2025,5.0,Troca de vela,5.0,Ignição
,,,,,12/05/2025,5.0,Troca de cabo de freio,20.0,Freios
,,,,,12/05/2025,5.0,Sincronização de carburadores,60.0,Alimentação
,,,,,13/05/2025,5.0,Troca de vela,5.0,Ignição
,,,,,13/05/2025,5.0,Troca de sensor TPS,30.0,Ignição
,,,,,13/05/2025,5.0,,,
,,,,,14/05/2025,5.0,Troca de junta do cabeçote,120.0,Motor
,,,,,15/05/2025,5.0,Troca de bico injetor,40.0,Alimentação
,,,,,15/05/2025,5.0,Sangria de freio,20.0,Freios
,,,,,15/05/2025,5.0,,,
,,,,,16/05/2025,5.0,Sincronização de carburadores,60.0,Alimentação
,,,,,17/05/2025,5.0,Alinhamento,30.0,Suspensão
,,,,,17/05/2025,5.0,,,
,,,,,18/05/2025,5.0,Troca de bomba de combustível,60.0,Combustível
,,,,,19/05/2025,5.0,Troca de disco de freio traseiro,40.0,Freios
,,,,,19/05/2025,5.0,Troca de amortecedor dianteiro,80.0,Suspensão
,,,,,19/05/2025,5.0,Troca de bico injetor,40.0,Alimentação
,,,,,20/05/2025,5.0,Troca de vela,5.0,Ignição
,,,,,20/05/2025,5.0,Troca de disco de freio traseiro,40.0,Freios
,,,,,21/05/2025,5.0,Troca de amortecedor traseiro,80.0,Suspensão
,,,,,21/05/2025,5.0,Balanceamento,20.0,Suspensão
,,,,,22/05/2025,5.0,Troca de pastilha,20.0,Freios
,,,,,22/05/2025,5.0,Troca de bomba de combustível,60.0,Combustível
,,,,,22/05/2025,5.0,Limpeza de bomba de combustível,40.0,Combustível
,,,,,22/05/2025,5.0,Troca de amortecedor dianteiro,80.0,Suspensão
,,,,,22/05/2025,5.0,Limpeza de bomba de combustível,40.0,Combustível
,,,,,22/05/2025,5.0,Troca de pastilha,20.0,Freios
,,,,,23/05/2025,5.0,Troca de tensor da corrente,40.0,Motor
,,,,,23/05/2025,5.0,Troca de amortecedor traseiro,80.0,Suspensão
,,,,,24/05/2025,5.0,Troca de vela,5.0,Ignição
,,,,,24/05/2025,5.0,Troca de pastilha,20.0,Freios
,,,,,24/05/2025,5.0,Troca de vela,5.0,Ignição
,,,,,24/05/2025,5.0,Troca de sensor TPS,30.0,Ignição
,,,,,24/05/2025,5.0,Troca de junta do cabeçote,120.0,Motor
,,,,,24/05/2025,5.0,Balanceamento,20.0,Suspensão
,,,,,25/05/2025,5.0,Troca de cabo de freio,20.0,Freios
,,,,,25/05/2025,5.0,Troca de vela,5.0,Ignição
,,,,,25/05/2025,5.0,Balanceamento,20.0,Suspensão
,,,,,26/05/2025,5.0,Troca de amortecedor dianteiro,80.0,Suspensão
,,,,,26/05/2025,5.0,Sincronização de carburadores,60.0,Alimentação
,,,,,27/05/2025,5.0,Sangria de freio,20.0,Freios
,,,,,27/05/2025,5.0,Troca de cabo de freio,20.0,Freios
,,,,,27/05/2025,5.0,Troca de junta do cabeçote,120.0,Motor
,,,,,27/05/2025,5.0,Troca de tensor da corrente,40.0,Motor
,,,,,27/05/2025,5.0,Troca de sensor TPS,30.0,Ignição
,,,,,27/05/2025,5.0,,,
,,,,,28/05/2025,5.0,Troca de disco de freio traseiro,40.0,Freios
,,,,,29/05/2025,5.0,Troca de corrente de comando,80.0,Motor
,,,,,29/05/2025,5.0,Troca de junta do cabeçote,120.0,Motor
,,,,,29/05/2025,5.0,Limpeza de bomba de combustível,40.0,Combustível
,,,,,29/05/2025,5.0,Troca de bomba de combustível,60.0,Combustível
,,,,,29/05/2025,5.0,Troca de cabo de freio,20.0,Freios
,,,,,29/05/2025,5.0,,,
,,,,,30/05/2025,5.0,Troca de disco de freio dianteiro,40.0,Freios
,,,,,31/05/2025,5.0,Troca de vela,5.0,Ignição
,,,,,31/05/2025,5.0,Troca de cabo de freio,20.0,Freios
,,,,,31/05/2025,5.0,Troca de pastilha,20.0,Freios
,,,,,31/05/2025,5.0,Troca de disco de freio dianteiro,40.0,Freios
,,,,,31/05/2025,5.0,Troca de amortecedor dianteiro,80.0,Suspensão
,,,,,31/05/2025,5.0,Troca de bomba de combustível,60.0,Combustível
,,,,,01/06/2025,6.0,Troca de bico injetor,40.0,Alimentação
,,,,,01/06/2025,6.0,Troca de junta do cabeçote,120.0,Motor
,,,,,01/06/2025,6.0,Troca de junta do cabeçote,120.0,Motor
,,,,,01/06/2025,6.0,,,
,,,,,02/06/2025,6.0,Troca de bico injetor,40.0,Alimentação
,,,,,03/06/2025,6.0,Troca de amortecedor traseiro,80.0,Suspensão
,,,,,03/06/2025,6.0,Troca de disco de freio traseiro,40.0,Freios
,,,,,03/06/2025,6.0,Troca de disco de freio traseiro,40.0,Freios
,,,,,03/06/2025,6.0,Troca de pastilha,20.0,Freios
,,,,,03/06/2025,6.0,Troca de vela,5.0,Ignição
,,,,,03/06/2025,6.0,Troca de pastilha,20.0,Freios
,,,,,04/06/2025,6.0,Troca de disco de freio dianteiro,40.0,Freios
,,,,,04/06/2025,6.0,Troca de junta do cabeçote,120.0,Motor
,,,,,04/06/2025,6.0,Troca de corrente de comando,80.0,Motor
,,,,,04/06/2025,6.0,Troca de amortecedor dianteiro,80.0,Suspensão
,,,,,04/06/2025,6.0,Troca de corrente de comando,80.0,Motor
,,,,,05/06/2025,6.0,Balanceamento,20.0,Suspensão
,,,,,05/06/2025,6.0,,,
,,,,,06/06/2025,6.0,Troca de tensor da corrente,40.0,Motor
,,,,,07/06/2025,6.0,Troca de tensor da corrente,40.0,Motor
,,,,,07/06/2025,6.0,Alinhamento,30.0,Suspensão
,,,,,08/06/2025,6.0,Troca de corrente de comando,80.0,Motor
,,,,,08/06/2025,6.0,Limpeza de bomba de combustível,40.0,Combustível
,,,,,08/06/2025,6.0,Troca de bomba de combustível,60.0,Combustível
,,,,,08/06/2025,6.0,Troca de bico injetor,40.0,Alimentação
,,,,,08/06/2025,6.0,Troca de pastilha,20.0,Freios
,,,,,09/06/2025,6.0,Troca de tensor da corrente,40.0,Motor
,,,,,09/06/2025,6.0,Troca de bico injetor,40.0,Alimentação
,,,,,09/06/2025,6.0,Troca de vela,5.0,Ignição
,,,,,09/06/2025,6.0,Troca de amortecedor dianteiro,80.0,Suspensão
,,,,,10/06/2025,6.0,Sangria de freio,20.0,Freios
,,,,,10/06/2025,6.0,Troca de corrente de comando,80.0,Motor
,,,,,10/06/2025,6.0,Troca de tensor da corrente,40.0,Motor
,,,,,10/06/2025,6.0,,,
,,,,,11/06/2025,6.0,,,
,,,,,12/06/2025,6.0,Balanceamento,20.0,Suspensão
,,,,,13/06/2025,6.0,Troca de pastilha,20.0,Freios
,,,,,13/06/2025,6.0,Limpeza de bomba de combustível,40.0,Combustível
,,,,,13/06/2025,6.0,Troca de pastilha,20.0,Freios
,,,,,13/06/2025,6.0,Troca de disco de freio traseiro,40.0,Freios
,,,,,13/06/2025,6.0,Troca de pastilha,20.0,Freios
,,,,,14/06/2025,6.0,Troca de disco de freio traseiro,40.0,Freios
,,,,,14/06/2025,6.0,Troca de corrente de comando,80.0,Motor
,,,,,15/06/2025,6.0,Troca de cabo de freio,20.0,Freios
,,,,,15/06/2025,6.0,Troca de junta do cabeçote,120.0,Motor
,,,,,15/06/2025,6.0,,,
,,,,,16/06/2025,6.0,,,
,,,,,17/06/2025,6.0,Limpeza de bomba de combustível,40.0,Combustível
,,,,,18/06/2025,6.0,Troca de amortecedor dianteiro,80.0,Suspensão
,,,,,18/06/2025,6.0,Troca de corrente de comando,80.0,Motor
,,,,,18/06/2025,6.0,Troca de corrente de comando,80.0,Motor
,,,,,19/06/2025,6.0,Troca de sensor TPS,30.0,Ignição
,,,,,19/06/2025,6.0,Troca de corrente de comando,80.0,Motor
,,,,,19/06/2025,6.0,Sincronização de carburadores,60.0,Alimentação
,,,,,20/06/2025,6.0,Troca de pastilha,20.0,Freios
,,,,,20/06/2025,6.0,Troca de amortecedor traseiro,80.0,Suspensão
,,,,,20/06/2025,6.0,Troca de corrente de comando,80.0,Motor
,,,,,20/06/2025,6.0,Troca de junta do cabeçote,120.0,Motor
,,,,,21/06/2025,6.0,Troca de sensor TPS,30.0,Ignição
,,,,,21/06/2025,6.0,Troca de bico injetor,40.0,Alimentação
,,,,,21/06/2025,6.0,Troca de disco de freio dianteiro,40.0,Freios
,,,,,21/06/2025,6.0,Troca de cabo de freio,20.0,Freios
,,,,,21/06/2025,6.0,Troca de vela,5.0,Ignição
,,,,,21/06/2025,6.0,Troca de sensor TPS,30.0,Ignição
,,,,,22/06/2025,6.0,Sincronização de carburadores,60.0,Alimentação
,,,,,22/06/2025,6.0,Sincronização de carburadores,60.0,Alimentação
,,,,,22/06/2025,6.0,,,
,,,,,23/06/2025,6.0,Sangria de freio,20.0,Freios
,,,,,24/06/2025,6.0,Troca de tensor da corrente,40.0,Motor
,,,,,24/06/2025,6.0,Troca de bomba de combustível,60.0,Combustível
,,,,,24/06/2025,6.0,Troca de vela,5.0,Ignição
,,,,,24/06/2025,6.0,Troca de junta do cabeçote,120.0,Motor
,,,,,24/06/2025,6.0,Troca de tensor da corrente,40.0,Motor
,,,,,25/06/2025,6.0,Troca de pastilha,20.0,Freios
,,,,,25/06/2025,6.0,Alinhamento,30.0,Suspensão
,,,,,26/06/2025,6.0,Troca de sensor TPS,30.0,Ignição
,,,,,26/06/2025,6.0,Troca de sensor TPS,30.0,Ignição
,,,,,26/06/2025,6.0,Troca de disco de freio dianteiro,40.0,Freios
,,,,,26/06/2025,6.0,Troca de bomba de combustível,60.0,Combustível
,,,,,26/06/2025,6.0,Alinhamento,30.0,Suspensão
,,,,,27/06/2025,6.0,Sangria de freio,20.0,Freios
,,,,,27/06/2025,6.0,Troca de sensor TPS,30.0,Ignição
,,,,,27/06/2025,6.0,Troca de cabo de freio,20.0,Freios
,,,,,27/06/2025,6.0,Balanceamento,20.0,Suspensão
,,,,,27/06/2025,6.0,Troca de bomba de combustível,60.0,Combustível
,,,,,27/06/2025,6.0,Troca de junta do cabeçote,120.0,Motor
,,,,,28/06/2025,6.0,Sangria de freio,20.0,Freios
,,,,,28/06/2025,6.0,Troca de cabo de freio,20.0,Freios
,,,,,28/06/2025,6.0,Troca de sensor TPS,30.0,Ignição
,,,,,28/06/2025,6.0,Troca de amortecedor dianteiro,80.0,Suspensão
,,,,,29/06/2025,6.0,Balanceamento,20.0,Suspensão
,,,,,29/06/2025,6.0,Sangria de freio,20.0,Freios
,,,,,29/06/2025,6.0,Troca de sensor TPS,30.0,Ignição
,,,,,29/06/2025,6.0,Sangria de freio,20.0,Freios
,,,,,29/06/2025,6.0,Troca de amortecedor dianteiro,80.0,Suspensão
,,,,,29/06/2025,6.0,Troca de vela,5.0,Ignição
,,,,,30/06/2025,6.0,Troca de disco de freio traseiro,40.0,Freios
,,,,,30/06/2025,6.0,Limpeza de bomba de combustível,40.0,Combustível
,,,,,01/07/2025,7.0,Balanceamento,20.0,Suspensão
,,,,,01/07/2025,7.0,Troca de bomba de combustível,60.0,Combustível
,,,,,01/07/2025,7.0,,,
,,,,,01/07/2025,7.0,Alinhamento,30.0,Suspensão
,,,,,02/07/2025,7.0,Balanceamento,20.0,Suspensão
,,,,,02/07/2025,7.0,Troca de corrente de comando,80.0,Motor
,,,,,02/07/2025,7.0,Balanceamento,20.0,Suspensão
,,,,,02/07/2025,7.0,Troca de amortecedor traseiro,80.0,Suspensão
,,,,,03/07/2025,7.0,Troca de pastilha,20.0,Freios
,,,,,03/07/2025,7.0,Troca de amortecedor dianteiro,80.0,Suspensão
,,,,,03/07/2025,7.0,Alinhamento,30.0,Suspensão
,,,,,04/07/2025,7.0,Troca de cabo de freio,20.0,Freios
,,,,,04/07/2025,7.0,Troca de bomba de combustível,60.0,Combustível
,,,,,04/07/2025,7.0,Troca de tensor da corrente,40.0,Motor
,,,,,04/07/2025,7.0,Troca de disco de freio traseiro,40.0,Freios
,,,,,04/07/2025,7.0,,,
,,,,,05/07/2025,7.0,Troca de bico injetor,40.0,Alimentação
,,,,,06/07/2025,7.0,Troca de pastilha,20.0,Freios
,,,,,06/07/2025,7.0,Limpeza de bomba de combustível,40.0,Combustível
,,,,,07/07/2025,7.0,Balanceamento,20.0,Suspensão
,,,,,07/07/2025,7.0,Troca de junta do cabeçote,120.0,Motor
,,,,,07/07/2025,7.0,Troca de amortecedor traseiro,80.0,Suspensão
,,,,,07/07/2025,7.0,Troca de bomba de combustível,60.0,Combustível
,,,,,07/07/2025,7.0,Troca de sensor TPS,30.0,Ignição
,,,,,07/07/2025,7.0,,,
,,,,,08/07/2025,7.0,,,
,,,,,09/07/2025,7.0,,,
,,,,,10/07/2025,7.0,Troca de bico injetor,40.0,Alimentação
,,,,,11/07/2025,7.0,Balanceamento,20.0,Suspensão
,,,,,11/07/2025,7.0,Troca de junta do cabeçote,120.0,Motor
,,,,,11/07/2025,7.0,Troca de sensor TPS,30.0,Ignição
,,,,,11/07/2025,7.0,Troca de junta do cabeçote,120.0,Motor
,,,,,11/07/2025,7.0,Troca de vela,5.0,Ignição
,,,,,11/07/2025,7.0,,,
,,,,,12/07/2025,7.0,Sangria de freio,20.0,Freios
,,,,,13/07/2025,7.0,Sincronização de carburadores,60.0,Alimentação
,,,,,13/07/2025,7.0,Troca de tensor da corrente,40.0,Motor
,,,,,13/07/2025,7.0,Limpeza de bomba de combustível,40.0,Combustível
,,,,,13/07/2025,7.0,,,
,,,,,14/07/2025,7.0,Alinhamento,30.0,Suspensão
,,,,,15/07/2025,7.0,Troca de bico injetor,40.0,Alimentação
,,,,,15/07/2025,7.0,Troca de bomba de combustível,60.0,Combustível
,,,,,15/07/2025,7.0,Sangria de freio,20.0,Freios
,,,,,15/07/2025,7.0,Troca de amortecedor traseiro,80.0,Suspensão
,,,,,15/07/2025,7.0,Troca de disco de freio dianteiro,40.0,Freios
,,,,,15/07/2025,7.0,Troca de junta do cabeçote,120.0,Motor
,,,,,16/07/2025,7.0,Troca de vela,5.0,Ignição
,,,,,16/07/2025,7.0,Troca de bico injetor,40.0,Alimentação
,,,,,17/07/2025,7.0,Troca de bomba de combustível,60.0,Combustível
,,,,,17/07/2025,7.0,Troca de corrente de comando,80.0,Motor
,,,,,17/07/2025,7.0,Troca de tensor da corrente,40.0,Motor
,,,,,17/07/2025,7.0,Troca de tensor da corrente,40.0,Motor
,,,,,17/07/2025,7.0,Troca de tensor da corrente,40.0,Motor
,,,,,18/07/2025,7.0,Sincronização de carburadores,60.0,Alimentação
,,,,,18/07/2025,7.0,Troca de sensor TPS,30.0,Ignição
,,,,,18/07/2025,7.0,Troca de cabo de freio,20.0,Freios
,,,,,18/07/2025,7.0,Troca de sensor TPS,30.0,Ignição
,,,,,18/07/2025,7.0,Troca de bico injetor,40.0,Alimentação
,,,,,18/07/2025,7.0,,,
,,,,,19/07/2025,7.0,Sincronização de carburadores,60.0,Alimentação
,,,,,20/07/2025,7.0,Troca de tensor da corrente,40.0,Motor
,,,,,20/07/2025,7.0,Troca de bico injetor,40.0,Alimentação
,,,,,21/07/2025,7.0,Alinhamento,30.0,Suspensão
,,,,,21/07/2025,7.0,Alinhamento,30.0,Suspensão
,,,,,22/07/2025,7.0,Balanceamento,20.0,Suspensão
,,,,,22/07/2025,7.0,Troca de bico injetor,40.0,Alimentação
,,,,,22/07/2025,7.0,Troca de bomba de combustível,60.0,Combustível
,,,,,22/07/2025,7.0,Sincronização de carburadores,60.0,Alimentação
,,,,,23/07/2025,7.0,Limpeza de bomba de combustível,40.0,Combustível
,,,,,23/07/2025,7.0,Troca de tensor da corrente,40.0,Motor
,,,,,23/07/2025,7.0,Troca de disco de freio dianteiro,40.0,Freios
,,,,,24/07/2025,7.0,Troca de corrente de comando,80.0,Motor
,,,,,24/07/2025,7.0,Troca de sensor TPS,30.0,Ignição
,,,,,24/07/2025,7.0,Troca de sensor TPS,30.0,Ignição
,,,,,24/07/2025,7.0,Troca de amortecedor dianteiro,80.0,Suspensão
,,,,,24/07/2025,7.0,Troca de amortecedor dianteiro,80.0,Suspensão
,,,,,25/07/2025,7.0,Sincronização de carburadores,60.0,Alimentação
,,,,,25/07/2025,7.0,Troca de disco de freio dianteiro,40.0,Freios
,,,,,25/07/2025,7.0,Troca de disco de freio traseiro,40.0,Freios
,,,,,26/07/2025,7.0,Troca de bico injetor,40.0,Alimentação
,,,,,26/07/2025,7.0,Troca de corrente de comando,80.0,Motor
,,,,,26/07/2025,7.0,Alinhamento,30.0,Suspensão
,,,,,26/07/2025,7.0,Alinhamento,30.0,Suspensão
,,,,,26/07/2025,7.0,Limpeza de bomba de combustível,40.0,Combustível
,,,,,27/07/2025,7.0,Troca de amortecedor traseiro,80.0,Suspensão
,,,,,27/07/2025,7.0,Sangria de freio,20.0,Freios
,,,,,27/07/2025,7.0,Troca de bomba de combustível,60.0,Combustível
,,,,,27/07/2025,7.0,Troca de vela,5.0,Ignição
,,,,,28/07/2025,7.0,Troca de disco de freio dianteiro,40.0,Freios
,,,,,28/07/2025,7.0,Troca de corrente de comando,80.0,Motor
,,,,,28/07/2025,7.0,Troca de cabo de freio,20.0,Freios
,,,,,28/07/2025,7.0,Troca de disco de freio traseiro,40.0,Freios
,,,,,28/07/2025,7.0,Troca de junta do cabeçote,120.0,Motor
,,,,,28/07/2025,7.0,,,
,,,,,29/07/2025,7.0,,,
,,,,,30/07/2025,7.0,Troca de pastilha,20.0,Freios
,,,,,31/07/2025,7.0,Troca de disco de freio dianteiro,40.0,Freios
,,,,,31/07/2025,7.0,Troca de tensor da corrente,40.0,Motor
,,,,,01/08/2025,8.0,Troca de bomba de combustível,60.0,Combustível
,,,,,01/08/2025,8.0,Troca de tensor da corrente,40.0,Motor
,,,,,01/08/2025,8.0,Sincronização de carburadores,60.0,Alimentação
,,,,,01/08/2025,8.0,Troca de bico injetor,40.0,Alimentação
,,,,,01/08/2025,8.0,Troca de bomba de combustível,60.0,Combustível
,,,,,01/08/2025,8.0,Troca de junta do cabeçote,120.0,Motor
,,,,,02/08/2025,8.0,Balanceamento,20.0,Suspensão
,,,,,02/08/2025,8.0,Troca de bico injetor,40.0,Alimentação
,,,,,02/08/2025,8.0,Balanceamento,20.0,Suspensão
,,,,,02/08/2025,8.0,Troca de corrente de comando,80.0,Motor
,,,,,02/08/2025,8.0,Troca de pastilha,20.0,Freios
,,,,,02/08/2025,8.0,Troca de tensor da corrente,40.0,Motor
,,,,,03/08/2025,8.0,Troca de junta do cabeçote,120.0,Motor
,,,,,03/08/2025,8.0,Troca de corrente de comando,80.0,Motor
,,,,,04/08/2025,8.0,Troca de bico injetor,40.0,Alimentação
,,,,,04/08/2025,8.0,Troca de disco de freio traseiro,40.0,Freios
,,,,,04/08/2025,8.0,Troca de sensor TPS,30.0,Ignição
,,,,,05/08/2025,8.0,Troca de sensor TPS,30.0,Ignição
,,,,,05/08/2025,8.0,Troca de vela,5.0,Ignição
,,,,,05/08/2025,8.0,Troca de sensor TPS,30.0,Ignição
,,,,,05/08/2025,8.0,Alinhamento,30.0,Suspensão
,,,,,06/08/2025,8.0,Troca de corrente de comando,80.0,Motor
,,,,,06/08/2025,8.0,Troca de disco de freio dianteiro,40.0,Freios
,,,,,06/08/2025,8.0,Troca de junta do cabeçote,120.0,Motor
,,,,,06/08/2025,8.0,Troca de amortecedor dianteiro,80.0,Suspensão
,,,,,06/08/2025,8.0,Sincronização de carburadores,60.0,Alimentação
,,,,,06/08/2025,8.0,Alinhamento,30.0,Suspensão
,,,,,07/08/2025,8.0,Sincronização de carburadores,60.0,Alimentação
,,,,,07/08/2025,8.0,Troca de junta do cabeçote,120.0,Motor
,,,,,07/08/2025,8.0,Sincronização de carburadores,60.0,Alimentação
,,,,,07/08/2025,8.0,Troca de pastilha,20.0,Freios
,,,,,07/08/2025,8.0,Troca de bico injetor,40.0,Alimentação
,,,,,07/08/2025,8.0,Sangria de freio,20.0,Freios
,,,,,08/08/2025,8.0,Troca de disco de freio traseiro,40.0,Freios
,,,,,08/08/2025,8.0,Troca de tensor da corrente,40.0,Motor
,,,,,08/08/2025,8.0,Troca de disco de freio traseiro,40.0,Freios
,,,,,08/08/2025,8.0,Troca de disco de freio dianteiro,40.0,Freios
,,,,,09/08/2025,8.0,Troca de disco de freio traseiro,40.0,Freios
,,,,,09/08/2025,8.0,Alinhamento,30.0,Suspensão
,,,,,10/08/2025,8.0,Sincronização de carburadores,60.0,Alimentação
,,,,,10/08/2025,8.0,,,
,,,,,11/08/2025,8.0,,,
,,,,,12/08/2025,8.0,,,
,,,,,13/08/2025,8.0,Balanceamento,20.0,Suspensão
,,,,,14/08/2025,8.0,Troca de vela,5.0,Ignição
,,,,,14/08/2025,8.0,Limpeza de bomba de combustível,40.0,Combustível
,,,,,14/08/2025,8.0,Troca de vela,5.0,Ignição
,,,,,14/08/2025,8.0,,,
,,,,,15/08/2025,8.0,,,
,,,,,16/08/2025,8.0,Troca de tensor da corrente,40.0,Motor
,,,,,17/08/2025,8.0,Troca de amortecedor dianteiro,80.0,Suspensão
,,,,,17/08/2025,8.0,Troca de tensor da corrente,40.0,Motor
,,,,,17/08/2025,8.0,,,
,,,,,18/08/2025,8.0,,,
,,,,,19/08/2025,8.0,Troca de junta do cabeçote,120.0,Motor
,,,,,20/08/2025,8.0,Sincronização de carburadores,60.0,Alimentação
,,,,,20/08/2025,8.0,Troca de amortecedor traseiro,80.0,Suspensão
,,,,,20/08/2025,8.0,Troca de amortecedor traseiro,80.0,Suspensão
,,,,,20/08/2025,8.0,,,
,,,,,21/08/2025,8.0,Troca de vela,5.0,Ignição
,,,,,22/08/2025,8.0,Troca de junta do cabeçote,120.0,Motor
,,,,,22/08/2025,8.0,Troca de corrente de comando,80.0,Motor
,,,,,22/08/2025,8.0,Troca de corrente de comando,80.0,Motor
,,,,,22/08/2025,8.0,Sincronização de carburadores,60.0,Alimentação
,,,,,22/08/2025,8.0,Troca de amortecedor traseiro,80.0,Suspensão
,,,,,22/08/2025,8.0,Troca de bomba de combustível,60.0,Combustível
,,,,,23/08/2025,8.0,Troca de amortecedor traseiro,80.0,Suspensão
,,,,,23/08/2025,8.0,Troca de cabo de freio,20.0,Freios
,,,,,23/08/2025,8.0,Troca de bomba de combustível,60.0,Combustível
,,,,,23/08/2025,8.0,Troca de amortecedor traseiro,80.0,Suspensão
,,,,,24/08/2025,8.0,Balanceamento,20.0,Suspensão
,,,,,24/08/2025,8.0,Alinhamento,30.0,Suspensão
,,,,,24/08/2025,8.0,Troca de sensor TPS,30.0,Ignição
,,,,,24/08/2025,8.0,Sincronização de carburadores,60.0,Alimentação
,,,,,25/08/2025,8.0,Troca de sensor TPS,30.0,Ignição
,,,,,25/08/2025,8.0,Limpeza de bomba de combustível,40.0,Combustível
,,,,,25/08/2025,8.0,Limpeza de bomba de combustível,40.0,Combustível
,,,,,25/08/2025,8.0,Troca de amortecedor dianteiro,80.0,Suspensão
,,,,,25/08/2025,8.0,Limpeza de bomba de combustível,40.0,Combustível
,,,,,25/08/2025,8.0,Troca de disco de freio traseiro,40.0,Freios
,,,,,26/08/2025,8.0,Limpeza de bomba de combustível,40.0,Combustível
,,,,,26/08/2025,8.0,,,
,,,,,27/08/2025,8.0,Troca de disco de freio dianteiro,40.0,Freios
,,,,,28/08/2025,8.0,Balanceamento,20.0,Suspensão
,,,,,28/08/2025,8.0,Troca de tensor da corrente,40.0,Motor
,,,,,28/08/2025,8.0,Troca de disco de freio dianteiro,40.0,Freios
,,,,,29/08/2025,8.0,Troca de sensor TPS,30.0,Ignição
,,,,,29/08/2025,8.0,Troca de bomba de combustível,60.0,Combustível
,,,,,29/08/2025,8.0,Troca de amortecedor traseiro,80.0,Suspensão
,,,,,29/08/2025,8.0,Troca de bico injetor,40.0,Alimentação
,,,,,30/08/2025,8.0,Troca de vela,5.0,Ignição
,,,,,30/08/2025,8.0,Troca de sensor TPS,30.0,Ignição
,,,,,30/08/2025,8.0,Alinhamento,30.0,Suspensão
,,,,,30/08/2025,8.0,Troca de tensor da corrente,40.0,Motor
,,,,,31/08/2025,8.0,Troca de tensor da corrente,40.0,Motor
,,,,,31/08/2025,8.0,Sincronização de carburadores,60.0,Alimentação
,,,,,31/08/2025,8.0,Sangria de freio,20.0,Freios
,,,,,31/08/2025,8.0,Troca de corrente de comando,80.0,Motor
,,,,,31/08/2025,8.0,Troca de tensor da corrente,40.0,Motor
,,,,,01/09/2025,9.0,Troca de junta do cabeçote,120.0,Motor
,,,,,01/09/2025,9.0,Troca de cabo de freio,20.0,Freios
,,,,,01/09/2025,9.0,Balanceamento,20.0,Suspensão
,,,,,01/09/2025,9.0,Troca de vela,5.0,Ignição
,,,,,01/09/2025,9.0,Alinhamento,30.0,Suspensão
,,,,,02/09/2025,9.0,Troca de pastilha,20.0,Freios
,,,,,02/09/2025,9.0,Troca de disco de freio traseiro,40.0,Freios
,,,,,03/09/2025,9.0,Troca de disco de freio dianteiro,40.0,Freios
,,,,,03/09/2025,9.0,Limpeza de bomba de combustível,40.0,Combustível
,,,,,03/09/2025,9.0,Troca de bico injetor,40.0,Alimentação
,,,,,04/09/2025,9.0,Troca de bomba de combustível,60.0,Combustível
,,,,,04/09/2025,9.0,Troca de disco de freio traseiro,40.0,Freios
,,,,,05/09/2025,9.0,Sincronização de carburadores,60.0,Alimentação
,,,,,05/09/2025,9.0,Alinhamento,30.0,Suspensão
,,,,,05/09/2025,9.0,Troca de bico injetor,40.0,Alimentação
,,,,,05/09/2025,9.0,Troca de bomba de combustível,60.0,Combustível
,,,,,05/09/2025,9.0,Troca de disco de freio dianteiro,40.0,Freios
,,,,,06/09/2025,9.0,Troca de amortecedor dianteiro,80.0,Suspensão
,,,,,06/09/2025,9.0,Troca de disco de freio traseiro,40.0,Freios
,,,,,06/09/2025,9.0,Troca de amortecedor dianteiro,80.0,Suspensão
,,,,,06/09/2025,9.0,Troca de vela,5.0,Ignição
,,,,,06/09/2025,9.0,Troca de cabo de freio,20.0,Freios
,,,,,06/09/2025,9.0,Troca de corrente de comando,80.0,Motor
,,,,,07/09/2025,9.0,Limpeza de bomba de combustível,40.0,Combustível
,,,,,07/09/2025,9.0,Troca de cabo de freio,20.0,Freios
,,,,,07/09/2025,9.0,Troca de tensor da corrente,40.0,Motor
,,,,,07/09/2025,9.0,Troca de tensor da corrente,40.0,Motor
,,,,,07/09/2025,9.0,Sangria de freio,20.0,Freios
,,,,,07/09/2025,9.0,,,
,,,,,08/09/2025,9.0,Troca de sensor TPS,30.0,Ignição
,,,,,09/09/2025,9.0,Troca de junta do cabeçote,120.0,Motor
,,,,,09/09/2025,9.0,Troca de pastilha,20.0,Freios
,,,,,09/09/2025,9.0,Balanceamento,20.0,Suspensão
,,,,,10/09/2025,9.0,Alinhamento,30.0,Suspensão
,,,,,10/09/2025,9.0,Troca de disco de freio dianteiro,40.0,Freios
,,,,,10/09/2025,9.0,Sangria de freio,20.0,Freios
,,,,,10/09/2025,9.0,Troca de cabo de freio,20.0,Freios
,,,,,10/09/2025,9.0,,,
,,,,,11/09/2025,9.0,,,
,,,,,12/09/2025,9.0,Troca de cabo de freio,20.0,Freios
,,,,,13/09/2025,9.0,Troca de amortecedor dianteiro,80.0,Suspensão
,,,,,13/09/2025,9.0,Balanceamento,20.0,Suspensão
,,,,,13/09/2025,9.0,Limpeza de bomba de combustível,40.0,Combustível
,,,,,13/09/2025,9.0,Troca de corrente de comando,80.0,Motor
,,,,,13/09/2025,9.0,Balanceamento,20.0,Suspensão
,,,,,13/09/2025,9.0,,,
,,,,,14/09/2025,9.0,Troca de sensor TPS,30.0,Ignição
,,,,,15/09/2025,9.0,Troca de corrente de comando,80.0,Motor
,,,,,15/09/2025,9.0,Troca de bomba de combustível,60.0,Combustível
,,,,,15/09/2025,9.0,Troca de amortecedor traseiro,80.0,Suspensão
,,,,,15/09/2025,9.0,,,
,,,,,16/09/2025,9.0,Troca de vela,5.0,Ignição
,,,,,17/09/2025,9.0,Troca de tensor da corrente,40.0,Motor
,,,,,17/09/2025,9.0,Troca de tensor da corrente,40.0,Motor
,,,,,17/09/2025,9.0,Troca de corrente de comando,80.0,Motor
,,,,,17/09/2025,9.0,Troca de bomba de combustível,60.0,Combustível
,,,,,17/09/2025,9.0,Troca de bomba de combustível,60.0,Combustível
,,,,,17/09/2025,9.0,,,
,,,,,18/09/2025,9.0,Troca de corrente de comando,80.0,Motor
,,,,,19/09/2025,9.0,Troca de vela,5.0,Ignição
,,,,,19/09/2025,9.0,Limpeza de bomba de combustível,40.0,Combustível
,,,,,19/09/2025,9.0,Troca de pastilha,20.0,Freios
,,,,,19/09/2025,9.0,Troca de amortecedor traseiro,80.0,Suspensão
,,,,,19/09/2025,9.0,Troca de amortecedor dianteiro,80.0,Suspensão
,,,,,19/09/2025,9.0,,,
,,,,,20/09/2025,9.0,Sincronização de carburadores,60.0,Alimentação
,,,,,21/09/2025,9.0,Troca de bomba de combustível,60.0,Combustível
,,,,,21/09/2025,9.0,Troca de amortecedor dianteiro,80.0,Suspensão
,,,,,21/09/2025,9.0,Troca de bomba de combustível,60.0,Combustível
,,,,,21/09/2025,9.0,Troca de bico injetor,40.0,Alimentação
,,,,,21/09/2025,9.0,,,
,,,,,22/09/2025,9.0,,,
,,,,,23/09/2025,9.0,Troca de amortecedor traseiro,80.0,Suspensão
,,,,,24/09/2025,9.0,Limpeza de bomba de combustível,40.0,Combustível
,,,,,24/09/2025,9.0,Alinhamento,30.0,Suspensão
,,,,,25/09/2025,9.0,Troca de amortecedor dianteiro,80.0,Suspensão
,,,,,25/09/2025,9.0,Troca de sensor TPS,30.0,Ignição
,,,,,25/09/2025,9.0,Troca de amortecedor dianteiro,80.0,Suspensão
,,,,,25/09/2025,9.0,Troca de amortecedor traseiro,80.0,Suspensão
,,,,,25/09/2025,9.0,Troca de bomba de combustível,60.0,Combustível
,,,,,25/09/2025,9.0,Sangria de freio,20.0,Freios
,,,,,26/09/2025,9.0,Troca de disco de freio dianteiro,40.0,Freios
,,,,,26/09/2025,9.0,Troca de bico injetor,40.0,Alimentação
,,,,,27/09/2025,9.0,Troca de bomba de combustível,60.0,Combustível
,,,,,27/09/2025,9.0,Troca de junta do cabeçote,120.0,Motor
,,,,,27/09/2025,9.0,Troca de vela,5.0,Ignição
,,,,,27/09/2025,9.0,,,
,,,,,28/09/2025,9.0,Troca de disco de freio traseiro,40.0,Freios
,,,,,29/09/2025,9.0,Alinhamento,30.0,Suspensão
,,,,,29/09/2025,9.0,Limpeza de bomba de combustível,40.0,Combustível
,,,,,29/09/2025,9.0,Troca de vela,5.0,Ignição
,,,,,29/09/2025,9.0,Troca de junta do cabeçote,120.0,Motor
,,,,,29/09/2025,9.0,Troca de disco de freio traseiro,40.0,Freios
,,,,,29/09/2025,9.0,Troca de vela,5.0,Ignição
,,,,,30/09/2025,9.0,Troca de disco de freio dianteiro,40.0,Freios
,,,,,30/09/2025,9.0,Troca de tensor da corrente,40.0,Motor
,,,,,30/09/2025,9.0,Limpeza de bomba de combustível,40.0,Combustível
,,,,,30/09/2025,9.0,Troca de cabo de freio,20.0,Freios
,,,,,30/09/2025,9.0,Sangria de freio,20.0,Freios
,,,,,30/09/2025,9.0,,,
,,,,,01/10/2025,10.0,Balanceamento,20.0,Suspensão
,,,,,01/10/2025,10.0,Troca de junta do cabeçote,120.0,Motor
,,,,,01/10/2025,10.0,Troca de sensor TPS,30.0,Ignição
,,,,,02/10/2025,10.0,Troca de bico injetor,40.0,Alimentação
,,,,,02/10/2025,10.0,Troca de junta do cabeçote,120.0,Motor
,,,,,02/10/2025,10.0,Troca de vela,5.0,Ignição
,,,,,02/10/2025,10.0,Troca de disco de freio traseiro,40.0,Freios
,,,,,02/10/2025,10.0,Troca de pastilha,20.0,Freios
,,,,,02/10/2025,10.0,Troca de tensor da corrente,40.0,Motor
,,,,,03/10/2025,10.0,Troca de sensor TPS,30.0,Ignição
,,,,,03/10/2025,10.0,Troca de amortecedor traseiro,80.0,Suspensão
,,,,,03/10/2025,10.0,Troca de tensor da corrente,40.0,Motor
,,,,,04/10/2025,10.0,Troca de tensor da corrente,40.0,Motor
,,,,,04/10/2025,10.0,Sincronização de carburadores,60.0,Alimentação
,,,,,04/10/2025,10.0,Balanceamento,20.0,Suspensão
,,,,,04/10/2025,10.0,Troca de cabo de freio,20.0,Freios
,,,,,04/10/2025,10.0,,,
,,,,,05/10/2025,10.0,Troca de corrente de comando,80.0,Motor
,,,,,06/10/2025,10.0,Limpeza de bomba de combustível,40.0,Combustível
,,,,,06/10/2025,10.0,Troca de tensor da corrente,40.0,Motor
,,,,,06/10/2025,10.0,Troca de disco de freio dianteiro,40.0,Freios
,,,,,07/10/2025,10.0,Troca de amortecedor dianteiro,80.0,Suspensão
,,,,,07/10/2025,10.0,Troca de amortecedor traseiro,80.0,Suspensão
,,,,,07/10/2025,10.0,Troca de pastilha,20.0,Freios
,,,,,07/10/2025,10.0,Troca de disco de freio traseiro,40.0,Freios
,,,,,08/10/2025,10.0,Sangria de freio,20.0,Freios
,,,,,08/10/2025,10.0,Troca de disco de freio dianteiro,40.0,Freios
,,,,,08/10/2025,10.0,Troca de pastilha,20.0,Freios
,,,,,08/10/2025,10.0,Troca de amortecedor traseiro,80.0,Suspensão
,,,,,08/10/2025,10.0,Troca de disco de freio dianteiro,40.0,Freios
,,,,,09/10/2025,10.0,Troca de corrente de comando,80.0,Motor
,,,,,09/10/2025,10.0,Troca de vela,5.0,Ignição
,,,,,10/10/2025,10.0,Troca de sensor TPS,30.0,Ignição
,,,,,10/10/2025,10.0,Troca de amortecedor dianteiro,80.0,Suspensão
,,,,,11/10/2025,10.0,Troca de bico injetor,40.0,Alimentação
,,,,,11/10/2025,10.0,Troca de amortecedor dianteiro,80.0,Suspensão
,,,,,11/10/2025,10.0,Troca de corrente de comando,80.0,Motor
,,,,,12/10/2025,10.0,Troca de sensor TPS,30.0,Ignição
,,,,,12/10/2025,10.0,Troca de bomba de combustível,60.0,Combustível
,,,,,12/10/2025,10.0,Troca de disco de freio traseiro,40.0,Freios
,,,,,12/10/2025,10.0,Troca de bico injetor,40.0,Alimentação
,,,,,12/10/2025,10.0,Troca de sensor TPS,30.0,Ignição
,,,,,13/10/2025,10.0,Troca de cabo de freio,20.0,Freios
,,,,,13/10/2025,10.0,Sincronização de carburadores,60.0,Alimentação
,,,,,14/10/2025,10.0,Troca de corrente de comando,80.0,Motor
,,,,,14/10/2025,10.0,Troca de amortecedor dianteiro,80.0,Suspensão
,,,,,14/10/2025,10.0,Troca de bomba de combustível,60.0,Combustível
,,,,,14/10/2025,10.0,Troca de corrente de comando,80.0,Motor
,,,,,14/10/2025,10.0,,,
,,,,,15/10/2025,10.0,Troca de disco de freio traseiro,40.0,Freios
,,,,,16/10/2025,10.0,Troca de bomba de combustível,60.0,Combustível
,,,,,16/10/2025,10.0,Alinhamento,30.0,Suspensão
,,,,,16/10/2025,10.0,,,
,,,,,17/10/2025,10.0,Sincronização de carburadores,60.0,Alimentação
,,,,,18/10/2025,10.0,Troca de disco de freio traseiro,40.0,Freios
,,,,,18/10/2025,10.0,Troca de sensor TPS,30.0,Ignição
,,,,,18/10/2025,10.0,Troca de pastilha,20.0,Freios
,,,,,18/10/2025,10.0,Sangria de freio,20.0,Freios
,,,,,18/10/2025,10.0,Troca de disco de freio traseiro,40.0,Freios
,,,,,18/10/2025,10.0,,,
,,,,,19/10/2025,10.0,Troca de amortecedor traseiro,80.0,Suspensão
,,,,,20/10/2025,10.0,Troca de amortecedor dianteiro,80.0,Suspensão
,,,,,20/10/2025,10.0,Troca de tensor da corrente,40.0,Motor
,,,,,20/10/2025,10.0,Troca de pastilha,20.0,Freios
,,,,,20/10/2025,10.0,Balanceamento,20.0,Suspensão
,,,,,20/10/2025,10.0,,,
,,,,,21/10/2025,10.0,,,
,,,,,22/10/2025,10.0,Troca de tensor da corrente,40.0,Motor
,,,,,23/10/2025,10.0,Troca de amortecedor dianteiro,80.0,Suspensão
,,,,,23/10/2025,10.0,Troca de pastilha,20.0,Freios
,,,,,23/10/2025,10.0,Troca de bico injetor,40.0,Alimentação
,,,,,23/10/2025,10.0,Sangria de freio,20.0,Freios
,,,,,23/10/2025,10.0,Balanceamento,20.0,Suspensão
,,,,,23/10/2025,10.0,Troca de corrente de comando,80.0,Motor
,,,,,24/10/2025,10.0,Troca de sensor TPS,30.0,Ignição
,,,,,24/10/2025,10.0,,,
,,,,,25/10/2025,10.0,,,
,,,,,26/10/2025,10.0,,,
,,,,,27/10/2025,10.0,Limpeza de bomba de combustível,40.0,Combustível
,,,,,28/10/2025,10.0,Balanceamento,20.0,Suspensão
,,,,,28/10/2025,10.0,Troca de disco de freio dianteiro,40.0,Freios
,,,,,28/10/2025,10.0,Troca de sensor TPS,30.0,Ignição
,,,,,29/10/2025,10.0,Troca de cabo de freio,20.0,Freios
,,,,,29/10/2025,10.0,Troca de bomba de combustível,60.0,Combustível
,,,,,29/10/2025,10.0,Troca de disco de freio traseiro,40.0,Freios
,,,,,29/10/2025,10.0,Troca de cabo de freio,20.0,Freios
,,,,,29/10/2025,10.0,,,
,,,,,30/10/2025,10.0,Limpeza de bomba de combustível,40.0,Combustível
,,,,,31/10/2025,10.0,Limpeza de bomba de combustível,40.0,Combustível
,,,,,31/10/2025,10.0,Sincronização de carburadores,60.0,Alimentação
,,,,,31/10/2025,10.0,Troca de cabo de freio,20.0,Freios
,,,,,31/10/2025,10.0,Troca de disco de freio traseiro,40.0,Freios
,,,,,01/11/2025,11.0,Limpeza de bomba de combustível,40.0,Combustível
,,,,,01/11/2025,11.0,Sangria de freio,20.0,Freios
,,,,,01/11/2025,11.0,Troca de amortecedor traseiro,80.0,Suspensão
,,,,,01/11/2025,11.0,Troca de amortecedor dianteiro,80.0,Suspensão
,,,,,02/11/2025,11.0,Troca de junta do cabeçote,120.0,Motor
,,,,,02/11/2025,11.0,Troca de disco de freio dianteiro,40.0,Freios
,,,,,03/11/2025,11.0,Troca de bomba de combustível,60.0,Combustível
,,,,,03/11/2025,11.0,Sangria de freio,20.0,Freios
,,,,,03/11/2025,11.0,Troca de tensor da corrente,40.0,Motor
,,,,,03/11/2025,11.0,Troca de disco de freio traseiro,40.0,Freios
,,,,,03/11/2025,11.0,Troca de corrente de comando,80.0,Motor
,,,,,03/11/2025,11.0,Sangria de freio,20.0,Freios
,,,,,04/11/2025,11.0,Troca de bomba de combustível,60.0,Combustível
,,,,,04/11/2025,11.0,Troca de disco de freio traseiro,40.0,Freios
,,,,,04/11/2025,11.0,Troca de amortecedor traseiro,80.0,Suspensão
,,,,,04/11/2025,11.0,Troca de sensor TPS,30.0,Ignição
,,,,,04/11/2025,11.0,Troca de tensor da corrente,40.0,Motor
,,,,,05/11/2025,11.0,Troca de corrente de comando,80.0,Motor
,,,,,05/11/2025,11.0,Troca de sensor TPS,30.0,Ignição
,,,,,05/11/2025,11.0,Sincronização de carburadores,60.0,Alimentação
,,,,,05/11/2025,11.0,Troca de disco de freio dianteiro,40.0,Freios
,,,,,05/11/2025,11.0,Troca de pastilha,20.0,Freios
,,,,,05/11/2025,11.0,Balanceamento,20.0,Suspensão
Janeiro,33.0,11.0,18.0,4.0,,,,,
Fevereiro,13.0,4.0,9.0,0.0,,,,,
Março,14.0,5.0,9.0,0.0,,,,,
Abril,11.0,4.0,7.0,0.0,,,,,
Maio,11.0,3.0,8.0,0.0,,,,,
Junho,11.0,4.0,7.0,0.0,,,,,
Julho,10.0,3.0,7.0,0.0,,,,,
Agosto,11.0,3.0,8.0,0.0,,,,,
Setembro,11.0,3.0,8.0,0.0,,,,,
Outubro,11.0,3.0,8.0,0.0,,,,,
Novembro,9.0,4.0,5.0,0.0,,,,,
